[{"inputs":[{"internalType":"address","name":"_tagT","type":"address"}],"stateMutability":"nonpayable","type":"constructor"},{"anonymous":false,"inputs":[{"indexed":true,"internalType":"bytes32","name":"role","type":"bytes32"},{"indexed":true,"internalType":"bytes32","name":"previousAdminRole","type":"bytes32"},{"indexed":true,"internalType":"bytes32","name":"newAdminRole","type":"bytes32"}],"name":"RoleAdminChanged","type":"event"},{"anonymous":false,"inputs":[{"indexed":true,"internalType":"bytes32","name":"role","type":"bytes32"},{"indexed":true,"internalType":"address","name":"account","type":"address"},{"indexed":true,"internalType":"address","name":"sender","type":"address"}],"name":"RoleGranted","type":"event"},{"anonymous":false,"inputs":[{"indexed":true,"internalType":"bytes32","name":"role","type":"bytes32"},{"indexed":true,"internalType":"address","name":"account","type":"address"},{"indexed":true,"internalType":"address","name":"sender","type":"address"}],"name":"RoleRevoked","type":"event"},{"anonymous":false,"inputs":[{"indexed":true,"internalType":"address","name":"_address","type":"address"},{"indexed":false,"internalType":"uint256","name":"_share","type":"uint256"}],"name":"alloc","type":"event"},{"anonymous":false,"inputs":[{"indexed":true,"internalType":"address","name":"_address","type":"address"},{"indexed":false,"internalType":"uint256","name":"Level","type":"uint256"}],"name":"changeLevel","type":"event"},{"anonymous":false,"inputs":[{"indexed":true,"internalType":"address","name":"_buyer","type":"address"},{"indexed":false,"internalType":"uint256","name":"_value","type":"uint256"},{"indexed":false,"internalType":"uint256","name":"_pendingShare","type":"uint256"}],"name":"claimEvent","type":"event"},{"anonymous":false,"inputs":[{"indexed":true,"internalType":"address","name":"_buyer","type":"address"},{"indexed":true,"internalType":"address","name":"_referer","type":"address"},{"indexed":false,"internalType":"uint256","name":"_value","type":"uint256"},{"indexed":false,"internalType":"uint256","name":"_tokens","type":"uint256"},{"indexed":false,"internalType":"string","name":"tokenName","type":"string"}],"name":"puchaseEvent","type":"event"},{"inputs":[],"name":"DEFAULT_ADMIN_ROLE","outputs":[{"internalType":"bytes32","name":"","type":"bytes32"}],"stateMutability":"view","type":"function"},{"inputs":[],"name":"DisableChainLink","outputs":[{"internalType":"bool","name":"","type":"bool"}],"stateMutability":"nonpayable","type":"function"},{"inputs":[],"name":"EnableChainLink","outputs":[{"internalType":"bool","name":"","type":"bool"}],"stateMutability":"nonpayable","type":"function"},{"inputs":[],"name":"PriceInc","outputs":[{"internalType":"uint256","name":"","type":"uint256"}],"stateMutability":"view","type":"function"},{"inputs":[],"name":"Q","outputs":[{"internalType":"uint256","name":"","type":"uint256"}],"stateMutability":"view","type":"function"},{"inputs":[],"name":"TagT","outputs":[{"internalType":"contract iTagNFTDirect","name":"","type":"address"}],"stateMutability":"view","type":"function"},{"inputs":[],"name":"activate","outputs":[{"internalType":"bool","name":"","type":"bool"}],"stateMutability":"nonpayable","type":"function"},{"inputs":[{"internalType":"address","name":"_master","type":"address"}],"name":"changeMaster","outputs":[{"internalType":"bool","name":"","type":"bool"}],"stateMutability":"nonpayable","type":"function"},{"inputs":[{"internalType":"uint256","name":"_amt","type":"uint256"}],"name":"claim","outputs":[{"internalType":"bool","name":"","type":"bool"}],"stateMutability":"payable","type":"function"},{"inputs":[],"name":"currentCtr","outputs":[{"internalType":"uint256","name":"","type":"uint256"}],"stateMutability":"view","type":"function"},{"inputs":[],"name":"fetchBaserate","outputs":[{"internalType":"uint256","name":"","type":"uint256"}],"stateMutability":"view","type":"function"},{"inputs":[],"name":"fetchCL","outputs":[{"internalType":"address","name":"","type":"address"}],"stateMutability":"view","type":"function"},{"inputs":[{"internalType":"uint256","name":"_level","type":"uint256"}],"name":"fetchLevelDetails","outputs":[{"internalType":"uint256","name":"percent","type":"uint256"},{"internalType":"uint256","name":"sales","type":"uint256"}],"stateMutability":"view","type":"function"},{"inputs":[],"name":"fetchMaxlevel","outputs":[{"internalType":"uint256","name":"level","type":"uint256"}],"stateMutability":"view","type":"function"},{"inputs":[],"name":"fetchPrice","outputs":[{"internalType":"uint256","name":"","type":"uint256"}],"stateMutability":"view","type":"function"},{"inputs":[],"name":"fetchStaticrate","outputs":[{"internalType":"uint256","name":"","type":"uint256"}],"stateMutability":"view","type":"function"},{"inputs":[],"name":"fetchType","outputs":[{"internalType":"bool","name":"","type":"bool"}],"stateMutability":"view","type":"function"},{"inputs":[{"internalType":"address","name":"_addr","type":"address"}],"name":"fetchUserDetails","outputs":[{"internalType":"address","name":"parent","type":"address"},{"internalType":"uint256","name":"level","type":"uint256"},{"internalType":"uint256","name":"sales","type":"uint256"},{"internalType":"uint256","name":"sn","type":"uint256"},{"internalType":"uint256","name":"share","type":"uint256"}],"stateMutability":"view","type":"function"},{"inputs":[{"internalType":"bytes32","name":"role","type":"bytes32"}],"name":"getRoleAdmin","outputs":[{"internalType":"bytes32","name":"","type":"bytes32"}],"stateMutability":"view","type":"function"},{"inputs":[{"internalType":"bytes32","name":"role","type":"bytes32"},{"internalType":"address","name":"account","type":"address"}],"name":"grantRole","outputs":[],"stateMutability":"nonpayable","type":"function"},{"inputs":[{"internalType":"bytes32","name":"role","type":"bytes32"},{"internalType":"address","name":"account","type":"address"}],"name":"hasRole","outputs":[{"internalType":"bool","name":"","type":"bool"}],"stateMutability":"view","type":"function"},{"inputs":[],"name":"inactivate","outputs":[{"internalType":"bool","name":"","type":"bool"}],"stateMutability":"nonpayable","type":"function"},{"inputs":[],"name":"inc","outputs":[{"internalType":"uint256","name":"","type":"uint256"}],"stateMutability":"view","type":"function"},{"inputs":[{"internalType":"address","name":"_referer","type":"address"},{"internalType":"string","name":"_value","type":"string"}],"name":"purchase","outputs":[{"internalType":"bool","name":"","type":"bool"}],"stateMutability":"payable","type":"function"},{"inputs":[{"internalType":"bytes32","name":"role","type":"bytes32"},{"internalType":"address","name":"account","type":"address"}],"name":"renounceRole","outputs":[],"stateMutability":"nonpayable","type":"function"},{"inputs":[{"internalType":"bytes32","name":"role","type":"bytes32"},{"internalType":"address","name":"account","type":"address"}],"name":"revokeRole","outputs":[],"stateMutability":"nonpayable","type":"function"},{"inputs":[{"internalType":"uint256","name":"_rate","type":"uint256"}],"name":"setBaseRate","outputs":[{"internalType":"bool","name":"","type":"bool"}],"stateMutability":"nonpayable","type":"function"},{"inputs":[{"internalType":"address","name":"_addr","type":"address"}],"name":"setChainLinkAddress","outputs":[{"internalType":"bool","name":"","type":"bool"}],"stateMutability":"nonpayable","type":"function"},{"inputs":[{"internalType":"uint256","name":"_ctr","type":"uint256"}],"name":"setCtr","outputs":[{"internalType":"bool","name":"","type":"bool"}],"stateMutability":"nonpayable","type":"function"},{"inputs":[{"internalType":"uint256","name":"_Level","type":"uint256"},{"internalType":"uint256","name":"_percent","type":"uint256"},{"internalType":"uint256","name":"_salesLevel","type":"uint256"}],"name":"setLevel","outputs":[{"internalType":"bool","name":"","type":"bool"}],"stateMutability":"nonpayable","type":"function"},{"inputs":[{"internalType":"uint256","name":"_MaxLevel","type":"uint256"}],"name":"setMaxLevel","outputs":[{"internalType":"bool","name":"","type":"bool"}],"stateMutability":"nonpayable","type":"function"},{"inputs":[{"internalType":"uint256","name":"_PriceInc","type":"uint256"}],"name":"setPriceInc","outputs":[{"internalType":"bool","name":"","type":"bool"}],"stateMutability":"nonpayable","type":"function"},{"inputs":[{"internalType":"uint256","name":"_rate","type":"uint256"}],"name":"setStaticRate","outputs":[{"internalType":"bool","name":"","type":"bool"}],"stateMutability":"nonpayable","type":"function"},{"inputs":[{"internalType":"address","name":"_child","type":"address"},{"internalType":"address","name":"parent","type":"address"},{"internalType":"uint256","name":"level","type":"uint256"},{"internalType":"uint256","name":"sales","type":"uint256"},{"internalType":"uint256","name":"sn","type":"uint256"},{"internalType":"uint256","name":"share","type":"uint256"}],"name":"setUser","outputs":[{"internalType":"bool","name":"","type":"bool"}],"stateMutability":"nonpayable","type":"function"},{"inputs":[{"internalType":"address","name":"_child","type":"address"},{"internalType":"uint256","name":"_level","type":"uint256"},{"internalType":"uint256","name":"_sn","type":"uint256"}],"name":"setUserLevel","outputs":[{"internalType":"bool","name":"","type":"bool"}],"stateMutability":"nonpayable","type":"function"},{"inputs":[{"internalType":"uint256","name":"_inc","type":"uint256"}],"name":"setincrement","outputs":[{"internalType":"bool","name":"","type":"bool"}],"stateMutability":"nonpayable","type":"function"},{"inputs":[{"internalType":"bytes4","name":"interfaceId","type":"bytes4"}],"name":"supportsInterface","outputs":[{"internalType":"bool","name":"","type":"bool"}],"stateMutability":"view","type":"function"}]